Subject,Days,Reaction_Time (ms),Sleep_Hours_Allowed (h/night),Baseline_Reaction_Time (ms),Lapses_Count
308,0,249.56,3,249.56,
308,1,258.7047,3,249.56,
308,2,250.8006,3,249.56,
308,3,321.4398,3,249.56,
308,4,356.8519,3,249.56,
308,5,414.6901,3,249.56,
308,6,382.2038,3,249.56,
308,7,290.1486,3,249.56,
308,8,430.5853,3,249.56,
308,9,466.3535,3,249.56,
309,0,222.7339,3,222.7339,
309,1,205.2658,3,222.7339,
309,2,202.9778,3,222.7339,
309,3,204.707,3,222.7339,
309,4,207.7161,3,222.7339,
309,5,215.9618,3,222.7339,
309,6,213.6303,3,222.7339,
309,7,217.7272,3,222.7339,
309,8,224.2957,3,222.7339,
309,9,237.3142,3,222.7339,
310,0,199.0539,3,199.0539,
310,1,194.3322,3,199.0539,
310,2,234.32,3,199.0539,
310,3,232.8416,3,199.0539,
310,4,229.3074,3,199.0539,
310,5,220.4579,3,199.0539,
310,6,235.4208,3,199.0539,
310,7,255.7511,3,199.0539,
310,8,261.0125,3,199.0539,
310,9,247.5153,3,199.0539,
330,0,321.5426,3,321.5426,
330,1,300.4002,3,321.5426,
330,2,283.8565,3,321.5426,
330,3,285.133,3,321.5426,
330,4,285.7973,3,321.5426,
330,5,297.5855,3,321.5426,
330,6,280.2396,3,321.5426,
330,7,318.2613,3,321.5426,
330,8,305.3495,3,321.5426,
330,9,354.0487,3,321.5426,
331,0,287.6079,3,287.6079,
331,1,285.0,3,287.6079,
331,2,301.8206,3,287.6079,
331,3,320.1153,3,287.6079,
331,4,316.2773,3,287.6079,
331,5,293.3187,3,287.6079,
331,6,290.075,3,287.6079,
331,7,334.8177,3,287.6079,
331,8,293.7469,3,287.6079,
331,9,371.5811,3,287.6079,
332,0,234.8606,3,234.8606,
332,1,242.8118,3,234.8606,
332,2,272.9613,3,234.8606,
332,3,309.7688,3,234.8606,
332,4,317.4629,3,234.8606,
332,5,309.9976,3,234.8606,
332,6,454.1619,3,234.8606,
332,7,346.8311,3,234.8606,
332,8,330.3003,3,234.8606,
332,9,253.8644,3,234.8606,
333,0,283.8424,3,283.8424,
333,1,289.555,3,283.8424,
333,2,276.7693,3,283.8424,
333,3,299.8097,3,283.8424,
333,4,297.171,3,283.8424,
333,5,338.1665,3,283.8424,
333,6,332.0265,3,283.8424,
333,7,348.8399,3,283.8424,
333,8,333.36,3,283.8424,
333,9,362.0428,3,283.8424,
334,0,265.4731,3,265.4731,
334,1,276.2012,3,265.4731,
334,2,243.3647,3,265.4731,
334,3,254.6723,3,265.4731,
334,4,279.0244,3,265.4731,
334,5,284.1912,3,265.4731,
334,6,305.5248,3,265.4731,
334,7,331.5229,3,265.4731,
334,8,335.7469,3,265.4731,
334,9,377.299,3,265.4731,
335,0,241.6083,3,241.6083,
335,1,273.9472,3,241.6083,
335,2,254.4907,3,241.6083,
335,3,270.8021,3,241.6083,
335,4,251.4519,3,241.6083,
335,5,254.6362,3,241.6083,
335,6,245.4523,3,241.6083,
335,7,235.311,3,241.6083,
335,8,235.7541,3,241.6083,
335,9,237.2466,3,241.6083,
337,0,312.3666,3,312.3666,
337,1,313.8058,3,312.3666,
337,2,291.6112,3,312.3666,
337,3,346.1222,3,312.3666,
337,4,365.7324,3,312.3666,
337,5,391.8385,3,312.3666,
337,6,404.2601,3,312.3666,
337,7,416.6923,3,312.3666,
337,8,455.8643,3,312.3666,
337,9,458.9167,3,312.3666,
349,0,236.1032,3,236.1032,
349,1,230.3167,3,236.1032,
349,2,238.9256,3,236.1032,
349,3,254.922,3,236.1032,
349,4,250.7103,3,236.1032,
349,5,269.7744,3,236.1032,
349,6,281.5648,3,236.1032,
349,7,308.102,3,236.1032,
349,8,336.2806,3,236.1032,
349,9,351.6451,3,236.1032,
350,0,256.2968,3,256.2968,
350,1,243.4543,3,256.2968,
350,2,256.2046,3,256.2968,
350,3,255.5271,3,256.2968,
350,4,268.9165,3,256.2968,
350,5,329.7247,3,256.2968,
350,6,379.4445,3,256.2968,
350,7,362.9184,3,256.2968,
350,8,394.4872,3,256.2968,
350,9,389.0527,3,256.2968,
351,0,250.5265,3,250.5265,
351,1,300.0576,3,250.5265,
351,2,269.8939,3,250.5265,
351,3,280.5891,3,250.5265,
351,4,271.8274,3,250.5265,
351,5,304.6336,3,250.5265,
351,6,287.7466,3,250.5265,
351,7,266.5955,3,250.5265,
351,8,321.5418,3,250.5265,
351,9,347.5655,3,250.5265,
352,0,221.6771,3,221.6771,
352,1,298.1939,3,221.6771,
352,2,326.8785,3,221.6771,
352,3,346.8555,3,221.6771,
352,4,348.7402,3,221.6771,
352,5,352.8287,3,221.6771,
352,6,354.4266,3,221.6771,
352,7,360.4326,3,221.6771,
352,8,375.6406,3,221.6771,
352,9,388.5417,3,3621.6771,221.6771
369,0,271.9235,3,271.9235,
369,1,268.4369,3,271.9235,
369,2,257.2424,3,271.9235,
369,3,277.6566,3,271.9235,
369,4,314.8222,3,271.9235,
369,5,317.2135,3,271.9235,
369,6,298.1353,3,271.9235,
369,7,348.1229,3,271.9235,
369,8,340.28,3,271.9235,
369,9,366.5131,3,271.9235,
370,0,225.264,3,225.264,
370,1,234.5235,3,225.264,
370,2,238.9008,3,225.264,
370,3,240.473,3,225.264,
370,4,267.5373,3,225.264,
370,5,344.1937,3,225.264,
370,6,281.1481,3,225.264,
370,7,347.5855,3,225.264,
370,8,365.163,3,225.264,
370,9,372.2288,3,225.264,
371,0,269.8804,3,269.8804,
371,1,272.4428,3,269.8804,
371,2,277.8989,3,269.8804,
371,3,281.7895,3,269.8804,
371,4,279.1705,3,269.8804,
371,5,284.512,3,269.8804,
371,6,259.2658,3,269.8804,
371,7,304.6306,3,269.8804,
371,8,350.7807,3,269.8804,
371,9,369.4692,3,269.8804,
372,0,269.4117,3,269.4117,
372,1,273.474,3,269.4117,
372,2,297.5968,3,269.4117,
372,3,310.6316,3,269.4117,
372,4,287.1726,3,269.4117,
372,5,329.6076,3,269.4117,
372,6,334.4818,3,269.4117,
372,7,343.2199,3,269.4117,
372,8,369.1417,3,269.4117,
372,9,364.1236,3,269.4117,
